               epoch,      train/box_loss,      train/obj_loss,      train/cls_loss,   metrics/precision,      metrics/recall,     metrics/mAP_0.5,metrics/mAP_0.5:0.95,        val/box_loss,        val/obj_loss,        val/cls_loss,               x/lr0,               x/lr1,               x/lr2
                   0,             0.12012,             0.13308,                   0,             0.05235,             0.17282,             0.03451,           0.0079404,             0.10202,             0.11824,                   0,              0.0838,              0.0018,              0.0018
                   1,             0.10491,               0.147,                   0,            0.080385,             0.18881,            0.051164,            0.011636,            0.097828,             0.14427,                   0,            0.066676,           0.0036756,           0.0036756
                   2,             0.09339,             0.13767,                   0,             0.23191,             0.34192,             0.18329,            0.048064,            0.088831,             0.16492,                   0,            0.049526,           0.0055261,           0.0055261
                   3,            0.089444,              0.1267,                   0,             0.20779,             0.31808,             0.16261,            0.049631,            0.091132,             0.10272,                   0,            0.032352,           0.0073515,           0.0073515
                   4,            0.086831,              0.1334,                   0,             0.22744,             0.44487,             0.21831,            0.054127,            0.080855,             0.11469,                   0,            0.015152,           0.0091518,           0.0091518
                   5,            0.083154,             0.13031,                   0,             0.20988,             0.45645,              0.1896,            0.058492,             0.07961,             0.10421,                   0,             0.00967,             0.00967,             0.00967
                   6,            0.079159,             0.12352,                   0,             0.27586,              0.4858,             0.27394,            0.077706,            0.074922,            0.099739,                   0,             0.00967,             0.00967,             0.00967
                   7,             0.07447,             0.12341,                   0,             0.23758,              0.6804,             0.30609,              0.1049,            0.067684,             0.10219,                   0,            0.009604,            0.009604,            0.009604
                   8,            0.073044,             0.13014,                   0,             0.31686,             0.71872,             0.35893,             0.12635,            0.067293,             0.10229,                   0,            0.009538,            0.009538,            0.009538
                   9,            0.069087,             0.12509,                   0,             0.50963,             0.74669,             0.56458,             0.20647,            0.059956,            0.094523,                   0,            0.009472,            0.009472,            0.009472
                  10,            0.064357,             0.12523,                   0,             0.50621,             0.73722,              0.6071,             0.23908,            0.055186,            0.085308,                   0,            0.009406,            0.009406,            0.009406
                  11,            0.062799,             0.12145,                   0,             0.73766,             0.78587,             0.79608,             0.34722,            0.051391,            0.083397,                   0,             0.00934,             0.00934,             0.00934
                  12,            0.061205,             0.12271,                   0,             0.80832,             0.80182,             0.86525,                0.39,             0.05126,            0.079591,                   0,            0.009274,            0.009274,            0.009274
                  13,            0.061755,             0.11511,                   0,             0.72433,             0.78108,             0.83529,             0.39358,            0.051459,            0.081245,                   0,            0.009208,            0.009208,            0.009208
                  14,            0.059428,             0.12487,                   0,             0.84314,             0.84007,             0.88978,             0.39076,            0.051215,            0.081808,                   0,            0.009142,            0.009142,            0.009142
                  15,            0.060885,              0.1127,                   0,             0.90776,              0.8612,             0.93039,             0.45069,            0.045719,            0.078445,                   0,            0.009076,            0.009076,            0.009076
                  16,            0.058428,             0.12174,                   0,             0.89264,             0.84226,               0.906,             0.34028,            0.052136,            0.079972,                   0,             0.00901,             0.00901,             0.00901
                  17,            0.056752,             0.11966,                   0,             0.92142,             0.87104,             0.94707,             0.50437,            0.045248,              0.0768,                   0,            0.008944,            0.008944,            0.008944
                  18,            0.055712,             0.12199,                   0,             0.92859,             0.88354,             0.94449,             0.46376,            0.045483,            0.075062,                   0,            0.008878,            0.008878,            0.008878
                  19,            0.056078,             0.11311,                   0,              0.9253,             0.87169,             0.95149,             0.52653,            0.044158,            0.075598,                   0,            0.008812,            0.008812,            0.008812
                  20,            0.055225,             0.11354,                   0,             0.92085,             0.88346,             0.95076,             0.51792,            0.043797,            0.076001,                   0,            0.008746,            0.008746,            0.008746
                  21,            0.052588,             0.11813,                   0,             0.91742,             0.88347,             0.95433,             0.54472,            0.041393,            0.073839,                   0,             0.00868,             0.00868,             0.00868
                  22,            0.054899,             0.11694,                   0,             0.95013,             0.90321,              0.9627,             0.56932,             0.04102,            0.073515,                   0,            0.008614,            0.008614,            0.008614
                  23,             0.05199,             0.11127,                   0,             0.94061,             0.90148,             0.96451,             0.52286,            0.043177,            0.073482,                   0,            0.008548,            0.008548,            0.008548
                  24,            0.053299,             0.11219,                   0,             0.94267,             0.90739,             0.96371,             0.53487,            0.043384,            0.074426,                   0,            0.008482,            0.008482,            0.008482
                  25,            0.051502,             0.11282,                   0,              0.9473,             0.91407,             0.96879,             0.57405,            0.040121,            0.074067,                   0,            0.008416,            0.008416,            0.008416
                  26,            0.049012,             0.11099,                   0,              0.9348,             0.91014,             0.96312,             0.52347,            0.043395,            0.075274,                   0,             0.00835,             0.00835,             0.00835
                  27,            0.050616,             0.11204,                   0,             0.94423,              0.9016,             0.96028,             0.53504,            0.043716,            0.075146,                   0,            0.008284,            0.008284,            0.008284
                  28,            0.050679,              0.1109,                   0,             0.94677,             0.91186,             0.96718,             0.53461,            0.041388,            0.072811,                   0,            0.008218,            0.008218,            0.008218
                  29,            0.050873,             0.10921,                   0,             0.95364,             0.91011,             0.96876,             0.55816,            0.040387,            0.071885,                   0,            0.008152,            0.008152,            0.008152
                  30,             0.04872,             0.11135,                   0,             0.95739,             0.91965,             0.97287,             0.57374,            0.040373,            0.072112,                   0,            0.008086,            0.008086,            0.008086
                  31,            0.049033,             0.10598,                   0,              0.9508,             0.91373,             0.97286,             0.56298,            0.040581,            0.071045,                   0,             0.00802,             0.00802,             0.00802
                  32,             0.04873,             0.10907,                   0,             0.95747,             0.92142,             0.97499,             0.58127,            0.039872,            0.070641,                   0,            0.007954,            0.007954,            0.007954
                  33,            0.048894,             0.10872,                   0,             0.95936,             0.92712,              0.9767,             0.61789,            0.037476,            0.069991,                   0,            0.007888,            0.007888,            0.007888
                  34,            0.047217,             0.10675,                   0,             0.95858,             0.92296,             0.97443,             0.57873,            0.039767,            0.071415,                   0,            0.007822,            0.007822,            0.007822
                  35,            0.047723,             0.10596,                   0,             0.95394,             0.91731,             0.97164,             0.57063,            0.039598,            0.069881,                   0,            0.007756,            0.007756,            0.007756
                  36,             0.04932,              0.1095,                   0,             0.95746,             0.92428,             0.97269,             0.56781,            0.039588,             0.07053,                   0,             0.00769,             0.00769,             0.00769
                  37,            0.047927,             0.10961,                   0,             0.96347,             0.92958,             0.97562,             0.58924,            0.038026,            0.069753,                   0,            0.007624,            0.007624,            0.007624
                  38,            0.046485,             0.10489,                   0,             0.96302,              0.9224,             0.97524,             0.61784,            0.038029,            0.069073,                   0,            0.007558,            0.007558,            0.007558
                  39,            0.046779,             0.10391,                   0,             0.96382,             0.92886,             0.97673,             0.60636,            0.038427,            0.068906,                   0,            0.007492,            0.007492,            0.007492
                  40,            0.046426,             0.11009,                   0,             0.95857,             0.92464,              0.9756,             0.59325,             0.03939,            0.070399,                   0,            0.007426,            0.007426,            0.007426
                  41,            0.045715,             0.10576,                   0,             0.96473,             0.92357,              0.9736,             0.56609,             0.03906,            0.069753,                   0,             0.00736,             0.00736,             0.00736
                  42,            0.046412,             0.10994,                   0,              0.9635,             0.93385,             0.97974,             0.63549,             0.03628,            0.067638,                   0,            0.007294,            0.007294,            0.007294
                  43,            0.047252,             0.10474,                   0,             0.96534,             0.93265,             0.98058,             0.60222,            0.038998,            0.069522,                   0,            0.007228,            0.007228,            0.007228
                  44,            0.047673,             0.11094,                   0,             0.96498,             0.92944,             0.98016,             0.58475,            0.038305,            0.068364,                   0,            0.007162,            0.007162,            0.007162
                  45,            0.046292,             0.10641,                   0,             0.96541,              0.9355,             0.98063,              0.6113,            0.036877,            0.067382,                   0,            0.007096,            0.007096,            0.007096
                  46,            0.046843,             0.10377,                   0,             0.96394,             0.93208,             0.98034,             0.61089,            0.037544,            0.067715,                   0,             0.00703,             0.00703,             0.00703
                  47,            0.044727,             0.10524,                   0,              0.9659,             0.93288,             0.98014,             0.61435,            0.037679,            0.068255,                   0,            0.006964,            0.006964,            0.006964
                  48,            0.046191,             0.11104,                   0,             0.96445,             0.93468,             0.97896,             0.60771,            0.037785,            0.067387,                   0,            0.006898,            0.006898,            0.006898
                  49,            0.045098,             0.10325,                   0,             0.97118,             0.94271,              0.9818,             0.57704,            0.038806,            0.068787,                   0,            0.006832,            0.006832,            0.006832
                  50,            0.045145,             0.10489,                   0,             0.96941,             0.93911,             0.98276,             0.64049,            0.036286,             0.06761,                   0,            0.006766,            0.006766,            0.006766
                  51,            0.043477,             0.10185,                   0,             0.96956,             0.93927,             0.98194,             0.62575,            0.036766,            0.068196,                   0,              0.0067,              0.0067,              0.0067
                  52,            0.044782,              0.1056,                   0,             0.97109,             0.94267,             0.98262,             0.64426,            0.035833,            0.066593,                   0,            0.006634,            0.006634,            0.006634
                  53,            0.044902,             0.10588,                   0,             0.97081,             0.94074,             0.98144,             0.62362,            0.037163,            0.066821,                   0,            0.006568,            0.006568,            0.006568
                  54,            0.043624,             0.10362,                   0,             0.96681,             0.93546,             0.98213,             0.63839,            0.036114,              0.0665,                   0,            0.006502,            0.006502,            0.006502
                  55,            0.044269,            0.096058,                   0,               0.973,             0.93743,             0.98393,              0.6291,            0.037526,            0.067287,                   0,            0.006436,            0.006436,            0.006436
                  56,            0.045113,             0.10112,                   0,             0.97087,             0.93467,             0.98222,             0.63918,            0.036279,            0.067027,                   0,             0.00637,             0.00637,             0.00637
                  57,            0.045729,             0.10566,                   0,             0.96954,             0.94299,             0.98408,              0.6529,            0.035595,            0.065826,                   0,            0.006304,            0.006304,            0.006304
                  58,            0.042713,             0.10388,                   0,             0.97334,             0.94103,             0.98481,             0.65933,            0.035844,            0.065935,                   0,            0.006238,            0.006238,            0.006238
                  59,            0.042608,            0.097593,                   0,             0.97298,             0.93311,             0.98336,             0.61679,            0.037031,            0.066863,                   0,            0.006172,            0.006172,            0.006172
                  60,            0.043644,             0.10285,                   0,             0.97105,             0.93578,             0.98412,             0.65298,            0.035168,            0.065446,                   0,            0.006106,            0.006106,            0.006106
                  61,            0.043786,             0.10128,                   0,             0.96914,             0.94143,             0.98453,             0.66055,            0.034816,             0.06557,                   0,             0.00604,             0.00604,             0.00604
                  62,            0.043331,             0.10607,                   0,             0.97634,             0.94005,             0.98483,             0.65935,              0.0347,            0.064845,                   0,            0.005974,            0.005974,            0.005974
                  63,            0.041534,            0.096885,                   0,             0.97714,              0.9426,             0.98476,             0.66429,            0.034615,            0.064723,                   0,            0.005908,            0.005908,            0.005908
                  64,            0.042514,             0.10073,                   0,             0.97518,             0.94846,             0.98608,              0.6701,            0.034538,            0.065059,                   0,            0.005842,            0.005842,            0.005842
                  65,            0.044235,             0.10049,                   0,             0.97339,             0.94405,             0.98569,             0.67463,            0.034084,            0.064421,                   0,            0.005776,            0.005776,            0.005776
                  66,            0.042265,             0.10482,                   0,             0.97197,             0.94129,             0.98472,             0.66954,            0.034829,            0.064826,                   0,             0.00571,             0.00571,             0.00571
                  67,            0.043238,             0.10064,                   0,              0.9754,             0.94548,             0.98623,             0.68359,            0.033572,            0.063425,                   0,            0.005644,            0.005644,            0.005644
                  68,            0.042153,            0.099072,                   0,             0.97673,             0.94296,             0.98576,             0.67319,            0.034277,             0.06363,                   0,            0.005578,            0.005578,            0.005578
                  69,            0.042458,             0.10338,                   0,              0.9746,             0.94121,             0.98605,             0.68272,            0.033837,            0.063519,                   0,            0.005512,            0.005512,            0.005512
                  70,            0.041313,            0.096656,                   0,             0.97474,             0.94146,             0.98625,             0.67881,            0.033641,            0.063337,                   0,            0.005446,            0.005446,            0.005446
                  71,            0.042501,             0.10144,                   0,             0.97605,             0.94357,             0.98697,              0.6806,            0.033858,            0.063601,                   0,             0.00538,             0.00538,             0.00538
                  72,            0.043504,             0.10347,                   0,             0.97499,             0.94708,             0.98643,             0.67236,            0.034186,             0.06333,                   0,            0.005314,            0.005314,            0.005314
                  73,            0.042495,            0.099044,                   0,              0.9787,             0.94611,             0.98678,              0.6868,            0.033319,            0.062847,                   0,            0.005248,            0.005248,            0.005248
                  74,            0.040561,            0.096792,                   0,             0.97781,             0.94752,             0.98727,             0.68954,            0.033148,            0.062975,                   0,            0.005182,            0.005182,            0.005182
                  75,            0.041229,            0.099641,                   0,             0.97772,             0.95052,             0.98799,             0.66857,            0.034213,            0.063187,                   0,            0.005116,            0.005116,            0.005116
                  76,            0.043467,             0.09878,                   0,             0.97783,             0.95025,             0.98789,             0.67925,             0.03382,            0.062839,                   0,             0.00505,             0.00505,             0.00505
                  77,            0.042574,             0.09952,                   0,             0.97592,             0.94948,             0.98765,             0.68073,            0.033403,            0.062241,                   0,            0.004984,            0.004984,            0.004984
                  78,             0.04042,             0.09967,                   0,             0.97432,             0.94832,             0.98773,              0.6867,            0.033061,            0.062038,                   0,            0.004918,            0.004918,            0.004918
                  79,            0.042611,             0.10052,                   0,             0.97578,             0.94722,             0.98739,             0.69296,            0.032821,            0.062107,                   0,            0.004852,            0.004852,            0.004852
                  80,            0.040463,            0.097093,                   0,             0.97337,             0.94687,             0.98646,             0.69142,            0.032888,            0.062154,                   0,            0.004786,            0.004786,            0.004786
                  81,            0.041244,            0.098729,                   0,             0.97683,             0.94804,             0.98678,             0.68805,            0.033198,            0.062425,                   0,             0.00472,             0.00472,             0.00472
                  82,            0.039897,            0.099753,                   0,             0.97678,             0.95095,             0.98767,              0.6854,            0.033118,            0.061989,                   0,            0.004654,            0.004654,            0.004654
                  83,            0.040428,            0.096307,                   0,             0.97652,             0.95143,             0.98813,             0.69507,            0.032901,            0.062106,                   0,            0.004588,            0.004588,            0.004588
                  84,            0.041078,            0.097782,                   0,              0.9742,             0.95438,             0.98853,             0.69749,            0.032508,             0.06187,                   0,            0.004522,            0.004522,            0.004522
                  85,            0.040385,            0.093354,                   0,             0.97505,             0.95856,             0.98926,             0.70653,            0.032301,            0.061632,                   0,            0.004456,            0.004456,            0.004456
                  86,            0.040364,             0.10581,                   0,             0.97362,             0.95617,             0.98902,             0.70452,            0.032261,            0.061513,                   0,             0.00439,             0.00439,             0.00439
                  87,            0.040722,             0.09924,                   0,             0.97755,             0.95686,             0.98912,             0.70221,            0.032354,            0.061309,                   0,            0.004324,            0.004324,            0.004324
                  88,            0.040225,             0.09623,                   0,             0.97594,             0.95045,             0.98773,             0.70505,            0.032256,            0.061432,                   0,            0.004258,            0.004258,            0.004258
                  89,            0.039806,            0.096101,                   0,             0.97314,             0.95273,             0.98828,             0.70627,            0.032278,            0.061565,                   0,            0.004192,            0.004192,            0.004192
                  90,            0.039311,            0.096027,                   0,             0.97417,             0.94859,             0.98835,             0.71183,            0.031947,             0.06106,                   0,            0.004126,            0.004126,            0.004126
                  91,             0.03957,            0.095571,                   0,             0.97661,              0.9519,             0.98868,             0.71133,             0.03199,            0.061185,                   0,             0.00406,             0.00406,             0.00406
                  92,            0.040051,            0.099436,                   0,             0.97447,             0.95195,             0.98844,             0.71039,            0.031949,            0.061131,                   0,            0.003994,            0.003994,            0.003994
                  93,            0.039129,            0.095135,                   0,             0.97641,             0.94685,             0.98767,             0.70505,            0.032201,            0.061084,                   0,            0.003928,            0.003928,            0.003928
                  94,            0.040154,            0.096364,                   0,             0.97485,             0.95383,             0.98904,              0.7031,            0.032236,            0.060913,                   0,            0.003862,            0.003862,            0.003862
                  95,            0.040429,             0.09844,                   0,             0.97871,             0.95646,             0.98935,             0.71335,            0.031712,             0.06068,                   0,            0.003796,            0.003796,            0.003796
                  96,            0.040075,            0.097563,                   0,             0.97852,             0.95562,             0.98942,             0.71349,            0.031747,            0.060485,                   0,             0.00373,             0.00373,             0.00373
                  97,            0.039991,            0.092012,                   0,             0.97987,             0.95252,             0.98895,              0.7148,            0.031752,            0.060542,                   0,            0.003664,            0.003664,            0.003664
                  98,            0.039566,            0.094853,                   0,             0.97799,             0.95645,             0.98907,             0.70763,            0.032256,            0.060678,                   0,            0.003598,            0.003598,            0.003598
                  99,            0.039732,            0.091722,                   0,             0.97978,              0.9581,             0.98956,             0.72008,            0.031415,            0.060126,                   0,            0.003532,            0.003532,            0.003532
                 100,             0.03924,            0.091711,                   0,             0.97945,             0.95898,             0.98978,             0.71832,            0.031413,            0.059867,                   0,            0.003466,            0.003466,            0.003466
                 101,            0.037371,             0.09227,                   0,             0.97821,             0.96031,             0.98963,              0.7161,             0.03141,            0.059789,                   0,              0.0034,              0.0034,              0.0034
                 102,            0.038639,            0.099359,                   0,             0.97828,             0.96229,             0.99015,             0.71738,             0.03144,            0.060105,                   0,            0.003334,            0.003334,            0.003334
                 103,            0.039312,             0.08877,                   0,             0.97681,             0.96182,             0.98987,             0.71854,            0.031372,            0.060033,                   0,            0.003268,            0.003268,            0.003268
                 104,            0.038349,            0.089389,                   0,             0.97822,             0.95927,             0.98982,             0.71958,            0.031415,            0.059955,                   0,            0.003202,            0.003202,            0.003202
                 105,            0.038438,            0.094871,                   0,             0.97956,             0.95921,             0.99003,             0.72046,            0.031243,            0.059689,                   0,            0.003136,            0.003136,            0.003136
                 106,            0.038761,            0.094408,                   0,             0.98001,             0.95953,             0.99023,             0.71846,            0.031411,            0.059732,                   0,             0.00307,             0.00307,             0.00307
                 107,            0.039536,            0.096876,                   0,             0.97656,             0.95894,             0.98988,             0.72547,            0.031078,            0.059391,                   0,            0.003004,            0.003004,            0.003004
                 108,            0.038726,            0.093901,                   0,             0.97701,             0.96127,             0.99002,             0.72297,            0.031139,            0.059451,                   0,            0.002938,            0.002938,            0.002938
                 109,            0.040514,            0.096258,                   0,              0.9762,             0.96307,             0.99021,             0.72529,             0.03104,            0.059332,                   0,            0.002872,            0.002872,            0.002872
                 110,            0.038952,            0.090552,                   0,             0.97759,             0.96141,             0.99017,             0.72773,            0.030968,            0.059109,                   0,            0.002806,            0.002806,            0.002806
                 111,            0.038145,            0.092706,                   0,             0.97725,             0.96072,             0.99015,             0.72812,            0.030962,            0.059122,                   0,             0.00274,             0.00274,             0.00274
                 112,            0.039831,             0.09574,                   0,             0.97869,             0.95921,             0.99012,             0.72613,            0.031031,            0.059121,                   0,            0.002674,            0.002674,            0.002674
                 113,            0.037754,            0.089793,                   0,              0.9788,             0.95562,             0.98987,             0.72865,            0.030861,            0.058891,                   0,            0.002608,            0.002608,            0.002608
                 114,            0.038936,            0.097296,                   0,             0.97819,             0.95838,              0.9903,             0.72843,            0.030875,            0.058784,                   0,            0.002542,            0.002542,            0.002542
                 115,            0.037557,            0.089948,                   0,             0.97885,             0.95673,             0.99023,             0.72735,            0.030865,            0.058735,                   0,            0.002476,            0.002476,            0.002476
                 116,            0.039088,            0.090422,                   0,             0.98071,             0.95981,             0.99037,             0.72839,            0.030819,            0.058813,                   0,             0.00241,             0.00241,             0.00241
                 117,            0.038939,             0.08947,                   0,              0.9777,             0.96066,             0.99041,             0.72698,            0.030876,            0.058858,                   0,            0.002344,            0.002344,            0.002344
                 118,            0.038266,            0.089076,                   0,             0.97932,             0.95945,             0.99038,             0.72833,            0.030839,            0.058672,                   0,            0.002278,            0.002278,            0.002278
                 119,            0.038588,            0.092808,                   0,             0.97929,             0.96072,             0.99033,             0.72775,            0.030797,             0.05849,                   0,            0.002212,            0.002212,            0.002212
                 120,            0.038325,            0.092339,                   0,             0.97895,             0.96158,             0.99038,             0.73205,            0.030675,            0.058409,                   0,            0.002146,            0.002146,            0.002146
                 121,            0.038779,             0.10029,                   0,             0.97953,             0.96251,             0.99061,             0.73176,            0.030684,            0.058493,                   0,             0.00208,             0.00208,             0.00208
                 122,            0.038564,             0.09377,                   0,              0.9789,             0.96045,             0.99048,             0.73336,            0.030698,            0.058568,                   0,            0.002014,            0.002014,            0.002014
                 123,             0.03746,            0.090439,                   0,              0.9788,             0.96089,             0.99029,             0.73161,            0.030659,            0.058627,                   0,            0.001948,            0.001948,            0.001948
                 124,            0.038239,            0.092272,                   0,             0.98072,             0.96034,             0.99054,              0.7322,            0.030682,            0.058548,                   0,            0.001882,            0.001882,            0.001882
                 125,            0.038013,            0.092963,                   0,             0.98091,             0.96322,             0.99073,             0.73435,            0.030502,            0.058303,                   0,            0.001816,            0.001816,            0.001816
                 126,            0.038751,            0.097734,                   0,              0.9804,             0.96529,             0.99109,             0.73248,            0.030578,            0.058354,                   0,             0.00175,             0.00175,             0.00175
                 127,            0.039738,            0.093661,                   0,             0.98052,             0.96447,             0.99113,              0.7357,            0.030469,            0.058178,                   0,            0.001684,            0.001684,            0.001684
                 128,            0.038362,            0.094756,                   0,             0.97901,             0.96417,             0.99089,              0.7373,            0.030405,            0.057946,                   0,            0.001618,            0.001618,            0.001618
                 129,              0.0374,            0.084976,                   0,             0.97983,             0.95879,             0.99086,             0.73532,            0.030446,            0.058086,                   0,            0.001552,            0.001552,            0.001552
                 130,            0.038118,             0.09267,                   0,             0.97937,             0.96182,             0.99095,             0.73749,            0.030349,            0.057793,                   0,            0.001486,            0.001486,            0.001486
                 131,            0.038267,            0.090779,                   0,             0.97705,             0.96225,             0.99072,             0.73898,            0.030339,            0.057727,                   0,             0.00142,             0.00142,             0.00142
                 132,            0.038706,            0.092603,                   0,             0.97812,              0.9621,             0.99071,             0.73798,            0.030333,            0.057733,                   0,            0.001354,            0.001354,            0.001354
                 133,             0.03892,            0.092326,                   0,             0.97992,             0.96307,             0.99115,             0.73876,            0.030297,            0.057671,                   0,            0.001288,            0.001288,            0.001288
                 134,            0.036797,            0.087924,                   0,             0.97924,             0.96197,             0.99079,             0.73976,            0.030217,            0.057605,                   0,            0.001222,            0.001222,            0.001222
                 135,            0.036451,            0.088581,                   0,             0.97954,             0.96335,             0.99096,             0.74017,            0.030177,            0.057396,                   0,            0.001156,            0.001156,            0.001156
                 136,            0.038202,            0.092786,                   0,             0.98012,             0.96555,             0.99116,             0.73968,            0.030185,            0.057527,                   0,             0.00109,             0.00109,             0.00109
                 137,            0.037078,            0.086392,                   0,             0.98025,             0.96446,             0.99111,             0.73991,            0.030157,            0.057436,                   0,            0.001024,            0.001024,            0.001024
                 138,            0.037907,            0.090787,                   0,             0.98022,             0.96323,             0.99115,             0.74164,            0.030115,            0.057335,                   0,            0.000958,            0.000958,            0.000958
                 139,            0.038001,            0.091297,                   0,             0.98085,             0.96031,             0.99125,             0.74066,            0.030125,            0.057349,                   0,            0.000892,            0.000892,            0.000892
                 140,            0.036506,            0.088145,                   0,             0.97983,             0.96431,             0.99132,             0.74184,            0.030084,            0.057264,                   0,            0.000826,            0.000826,            0.000826
                 141,            0.037857,            0.092313,                   0,             0.98022,              0.9661,             0.99126,              0.7421,            0.030052,            0.057161,                   0,             0.00076,             0.00076,             0.00076
                 142,            0.039117,            0.097844,                   0,              0.9807,             0.96665,             0.99159,             0.74121,            0.030044,            0.057053,                   0,            0.000694,            0.000694,            0.000694
                 143,            0.038573,             0.09203,                   0,             0.98084,             0.96653,             0.99162,             0.74403,            0.029965,            0.056959,                   0,            0.000628,            0.000628,            0.000628
                 144,            0.037032,             0.08907,                   0,             0.98178,             0.96541,             0.99172,             0.74216,            0.029995,             0.05702,                   0,            0.000562,            0.000562,            0.000562
                 145,            0.037614,            0.087873,                   0,             0.98122,             0.96514,             0.99159,             0.74275,            0.029978,            0.056926,                   0,            0.000496,            0.000496,            0.000496
                 146,            0.036386,            0.083518,                   0,             0.98042,             0.96617,             0.99151,             0.74358,            0.029957,            0.056922,                   0,             0.00043,             0.00043,             0.00043
                 147,            0.037624,            0.091534,                   0,             0.98096,             0.96569,             0.99157,              0.7441,            0.029927,            0.056866,                   0,            0.000364,            0.000364,            0.000364
                 148,            0.038188,            0.089193,                   0,             0.98108,             0.96651,              0.9916,             0.74413,            0.029928,            0.056881,                   0,            0.000298,            0.000298,            0.000298
                 149,             0.03794,            0.091876,                   0,             0.98121,             0.96568,             0.99159,             0.74497,            0.029905,             0.05685,                   0,            0.000232,            0.000232,            0.000232
